{
    "uvs":[],
    "vertices":[0.919286,0,0,0.955469,0,0,0.955469,4.0455e-09,0.0925503,0.998448,3.65632e-09,0.083647,0.998448,4.47157e-09,0.102298,0.919306,5.18843e-09,0.118697,0.919306,0,0,0.868408,5.18843e-09,0.118697,0.879142,9.39118e-10,0.0214845,0.90628,9.39118e-10,0.0214845,0.895545,5.18843e-09,0.118697,0.723673,2.86655e-09,0.0655791,0.723673,2.32276e-09,0.0531385,0.853713,2.32276e-09,0.0531385,0.853713,2.86655e-09,0.0655791,0.625856,5.18843e-09,0.118697,0.625856,1.53211e-09,0.0350505,0.578938,1.53211e-09,0.0350505,0.578938,9.88315e-10,0.02261,0.625856,9.88315e-10,0.02261,0.625856,0,0,0.66204,0,0,0.66204,9.88315e-10,0.02261,0.708958,9.88315e-10,0.02261,0.708958,1.53211e-09,0.0350505,0.66204,1.53211e-09,0.0350505,0.66204,5.18843e-09,0.118697,0.578938,4.89238e-09,0.111925,0.584024,2.0759e-09,0.0474911,0.620208,2.0759e-09,0.0474911,0.615122,4.89238e-09,0.111925,0.66389,9.2067e-10,0.0210625,0.666563,0,0,0.686926,0,0,0.684233,9.2067e-10,0.0210625,0.708978,4.89238e-09,0.111925,0.672795,4.89238e-09,0.111925,0.667709,2.0759e-09,0.0474911,0.703893,2.0759e-09,0.0474911,0.685941,9.2067e-10,0.0210625,0.688615,0,0,0.708978,0,0,0.706285,9.2067e-10,0.0210625,0.434204,5.18843e-09,0.118697,0.434204,0,0,0.470387,0,0,0.470387,1.98278e-09,0.0453607,0.564244,2.32276e-09,0.0531385,0.564244,2.86655e-09,0.0655791,0.470387,2.52657e-09,0.0578012,0.470387,5.18843e-09,0.118697,0.289469,2.86655e-09,0.0655791,0.289469,2.32276e-09,0.0531385,0.419509,2.32276e-09,0.0531385,0.419509,2.86655e-09,0.0655791,0.144735,8.45997e-10,0.0193542,0.144735,3.03083e-10,0.00693373,0.274775,3.03083e-10,0.00693373,0.238732,4.06483e-09,0.0929924,0.263457,4.41096e-09,0.100911,0.263457,5.18931e-09,0.118718,0.157178,3.66335e-09,0.0838077,0.157178,2.89115e-09,0.0661418,0.20693,3.60186e-09,0.0824009,0.233787,8.45997e-10,0.0193542,0,5.43793e-10,0.0124405,0,0,0,0.13004,0,0,0.0838053,2.71809e-09,0.0621825,0.0842275,2.71809e-09,0.0621825,0.13004,5.21303e-09,0.11926,0.105154,5.21303e-09,0.11926,0.0720859,3.40947e-09,0.0779995,0.0419328,5.18843e-09,0.118697,0,5.18843e-09,0.118697,0.079001,5.43793e-10,0.0124405],
    "normals":[0,1,-4.37114e-08,0,1,-4.37114e-08,0,0,0,-2.07321e-15,1,-4.37114e-08,-3.24621e-15,1,-4.37114e-08,-1.17508e-15,1,-4.37114e-08,0,1,-4.37114e-08,0,1,-4.37114e-08,0,1,-4.37114e-08,0,1,-4.37114e-08,-8.45528e-15,1,-4.37114e-08,-2.31223e-14,1,-4.37114e-08,-1.11427e-15,1,-4.37114e-08,-7.42844e-16,1,-4.37114e-08,0,1,-4.37114e-08,-9.0124e-15,1,-4.37114e-08,-9.09254e-15,1,-4.37114e-08,5.30428e-15,1,-4.37114e-08,4.55153e-15,1,-4.37114e-08,-4.63609e-16,1,-4.37114e-08,6.89513e-15,1,-4.37114e-08,5.34058e-15,1,-4.37114e-08,-3.12551e-15,1,-4.37114e-08,-2.14813e-14,1,-4.37114e-08,4.89471e-15,1,-4.37114e-08,0,1,-4.37114e-08],
    "metadata":{
        "vertices":76,
        "normals":26,
        "type":"Geometry",
        "generator":"io_three",
        "version":3,
        "faces":52,
        "uvs":0
    },
    "faces":[32,7,9,8,0,0,0,32,7,10,9,1,1,1,32,6,1,0,2,2,2,32,5,1,6,1,1,1,32,5,2,1,3,3,3,32,2,4,3,4,4,4,32,5,4,2,5,5,5,32,11,13,12,6,6,6,32,11,14,13,6,6,6,32,19,21,20,7,7,7,32,19,22,21,7,7,7,32,31,33,32,7,7,7,32,31,34,33,8,8,8,32,39,41,40,7,7,7,32,39,42,41,8,8,8,32,17,19,18,7,7,7,32,17,22,19,1,1,1,32,17,23,22,7,7,7,32,17,24,23,7,7,7,32,16,24,17,2,2,2,32,15,25,16,0,0,0,32,25,24,16,2,2,2,32,15,26,25,0,0,0,32,27,29,28,9,9,9,32,27,30,29,9,9,9,32,36,38,37,9,9,9,32,36,35,38,9,9,9,32,43,45,44,7,7,7,32,43,46,45,10,10,10,32,43,49,46,11,11,11,32,49,47,46,12,12,12,32,49,48,47,13,13,13,32,43,50,49,0,0,0,32,51,53,52,1,1,1,32,51,54,53,1,1,1,32,55,57,56,14,14,14,32,55,64,57,7,7,7,32,64,58,57,15,15,15,32,63,58,64,16,16,16,32,61,63,62,17,17,17,32,61,58,63,18,18,18,32,60,58,61,19,19,19,32,60,59,58,20,20,20,32,65,67,66,1,1,1,32,65,75,67,1,1,1,32,75,68,67,21,21,21,32,74,68,75,22,22,22,32,74,69,68,1,1,1,32,74,72,69,23,23,23,32,72,70,69,24,24,24,32,74,73,72,25,25,25,32,71,70,72,1,1,1]
}